issue_id,location,category,severity,confidence,status,finding,reader_effect,recommended_action
OV-001,global,tense/continuity,major,high,open,Past-tense narration repeatedly shifts into present tense and includes obvious typos.,Reader loses confidence in polish.,Perform systematic tense and copyedit pass after structural revision.
OV-002,Miranda role,legal/procedural,major,high,open,Miranda is treated as embedded legal authority despite not being a lawyer.,Informed readers may reject the institutional setup.,Retitle and redefine her authority or add qualified counsel.
OV-003,Noah-Tomas climax,character/climax,major,high,open,Noah’s decision not to take Tomas’s life is mostly revealed after the fact.,The climax withholds its most important moral choice.,Put the temptation and refusal clearly on-page.
OV-004,ending,structure,moderate,high,open,"Hospital, recruitment, Tomas alliance, and epilogue stack several endings and sequel hooks.",Closure may feel diluted.,Choose a primary emotional ending and subordinate later hooks.
OV-005,immortality rules,worldbuilding,major,medium,open,"Napištu, resurrection limits, harvesting, and final-death risk need clearer setup before climax.",Climactic choices may feel arbitrary.,Seed concise rules and uncertainties earlier.
OV-006,job acceptance,character/agency,major,high,open,Miranda needs to negotiate participation without prematurely demanding mature external oversight.,She may appear passively recruited.,"Have her require mission-critical disclosure, clear authority, and challenge rights."
OV-007,Noah history,character/worldview,moderate,high,open,Noah’s age is stated more often than it shapes his moment-to-moment perspective.,Ancient immortality can feel cosmetic.,Use selective lived memories and changed assumptions.
OV-008,Bill aftermath,character/emotion,moderate,high,open,Bill’s death and Miranda’s guilt are strong but need more behavioral consequences.,Trauma risks becoming internal commentary only.,"Carry guilt into decisions, avoidance, anger, or overcorrection."
OV-009,watcher POV,POV/structure,moderate,high,open,Watcher material enters as a disruptive POV shift.,Reader orientation breaks.,Separate it as a clearly signaled scene or chapter fragment.
